{
  "title":"AAC audio file format",
  "description":"Advanced Audio Coding format, designed to be the successor format to MP3, with generally better sound quality.",
  "spec":"http://www.digitalpreservation.gov/formats/fdd/fdd000114.shtml",
  "status":"other",
  "links":[
    {
      "url":"https://en.wikipedia.org/wiki/Advanced_Audio_Coding",
      "title":"Wikipedia article"
    }
  ],
  "bugs":[
    
  ],
  "categories":[
    "Other"
  ],
  "stats":{
    "ie":{
      "5.5":"n",
      "6":"n",
      "7":"n",
      "8":"n",
      "9":"y",
      "10":"y",
      "11":"y"
    },
    "edge":{
      "12":"y",
      "13":"y",
      "14":"y",
      "15":"y"
    },
    "firefox":{
      "2":"n",
      "3":"n",
      "3.5":"n",
      "3.6":"n",
      "4":"n",
      "5":"n",
      "6":"n",
      "7":"n",
      "8":"n",
      "9":"n",
      "10":"n",
      "11":"n",
      "12":"n",
      "13":"n",
      "14":"n",
      "15":"n",
      "16":"n",
      "17":"n",
      "18":"n",
      "19":"n",
      "20":"n",
      "21":"n",
      "22":"a #1",
      "23":"a #1",
      "24":"a #1",
      "25":"a #1",
      "26":"a #1",
      "27":"a #1",
      "28":"a #1",
      "29":"a #1",
      "30":"a #1",
      "31":"a #1",
      "32":"a #1",
      "33":"a #1",
      "34":"a #1",
      "35":"a #1",
      "36":"a #1",
      "37":"a #1",
      "38":"a #1",
      "39":"a #1",
      "40":"a #1",
      "41":"a #1",
      "42":"a #1",
      "43":"a #1",
      "44":"a #1",
      "45":"a #1",
      "46":"a #1",
      "47":"a #1",
      "48":"a #1",
      "49":"a #1",
      "50":"a #1",
      "51":"a #1",
      "52":"a #1",
      "53":"a #1",
      "54":"a #1"
    },
    "chrome":{
      "4":"n",
      "5":"n",
      "6":"n",
      "7":"n",
      "8":"n",
      "9":"n",
      "10":"u",
      "11":"u",
      "12":"y",
      "13":"y",
      "14":"y",
      "15":"y",
      "16":"y",
      "17":"y",
      "18":"y",
      "19":"y",
      "20":"y",
      "21":"y",
      "22":"y",
      "23":"y",
      "24":"y",
      "25":"y",
      "26":"y",
      "27":"y",
      "28":"y",
      "29":"y",
      "30":"y",
      "31":"y",
      "32":"y",
      "33":"y",
      "34":"y",
      "35":"y",
      "36":"y",
      "37":"y",
      "38":"y",
      "39":"y",
      "40":"y",
      "41":"y",
      "42":"y",
      "43":"y",
      "44":"y",
      "45":"y",
      "46":"y",
      "47":"y",
      "48":"y",
      "49":"y",
      "50":"y",
      "51":"y",
      "52":"y",
      "53":"y",
      "54":"y",
      "55":"y",
      "56":"y",
      "57":"y",
      "58":"y",
      "59":"y"
    },
    "safari":{
      "3.1":"n",
      "3.2":"n",
      "4":"y",
      "5":"y",
      "5.1":"y",
      "6":"y",
      "6.1":"y",
      "7":"y",
      "7.1":"y",
      "8":"y",
      "9":"y",
      "9.1":"y",
      "10":"y",
      "10.1":"y",
      "TP":"y"
    },
    "opera":{
      "9":"n",
      "9.5-9.6":"n",
      "10.0-10.1":"n",
      "10.5":"n",
      "10.6":"n",
      "11":"n",
      "11.1":"n",
      "11.5":"n",
      "11.6":"n",
      "12":"n",
      "12.1":"n",
      "15":"y",
      "16":"y",
      "17":"y",
      "18":"y",
      "19":"y",
      "20":"y",
      "21":"y",
      "22":"y",
      "23":"y",
      "24":"y",
      "25":"y",
      "26":"y",
      "27":"y",
      "28":"y",
      "29":"y",
      "30":"y",
      "31":"y",
      "32":"y",
      "33":"y",
      "34":"y",
      "35":"y",
      "36":"y",
      "37":"y",
      "38":"y",
      "39":"y",
      "40":"y",
      "41":"y",
      "42":"y",
      "43":"y",
      "44":"y"
    },
    "ios_saf":{
      "3.2":"u",
      "4.0-4.1":"y",
      "4.2-4.3":"y",
      "5.0-5.1":"y",
      "6.0-6.1":"y",
      "7.0-7.1":"y",
      "8":"y",
      "8.1-8.4":"y",
      "9.0-9.2":"y",
      "9.3":"y",
      "10.0-10.2":"y"
    },
    "op_mini":{
      "all":"n"
    },
    "android":{
      "2.1":"n",
      "2.2":"n",
      "2.3":"n",
      "3":"y",
      "4":"y",
      "4.1":"y",
      "4.2-4.3":"y",
      "4.4":"y",
      "4.4.3-4.4.4":"y",
      "53":"y"
    },
    "bb":{
      "7":"n",
      "10":"y"
    },
    "op_mob":{
      "10":"n",
      "11":"n",
      "11.1":"n",
      "11.5":"n",
      "12":"n",
      "12.1":"n",
      "37":"y"
    },
    "and_chr":{
      "55":"y"
    },
    "and_ff":{
      "50":"a #1"
    },
    "ie_mob":{
      "10":"y",
      "11":"n"
    },
    "and_uc":{
      "11":"y"
    },
    "samsung":{
      "4":"y"
    }
  },
  "notes":"Support refers to using the `audio` element, not other conditions.",
  "notes_by_num":{
    "1":"Partial support in Firefox refers to only supporting AAC in an MP4 container and only when the operating system already has the codecs installed."
  },
  "usage_perc_y":85.94,
  "usage_perc_a":6.46,
  "ucprefix":false,
  "parent":"audio",
  "keywords":"audio/aac",
  "ie_id":"",
  "chrome_id":"",
  "firefox_id":"",
  "webkit_id":"",
  "shown":true
}
