{
  "title":"HTML Media Capture",
  "description":"Facilitates user access to a device's media capture mechanism, such as a camera, or microphone, from within a file upload control.",
  "spec":"https://w3c.github.io/html-media-capture/",
  "status":"cr",
  "links":[
    {
      "url":"https://addpipe.com/blog/correct-syntax-html-media-capture/",
      "title":"Correct Syntax for HTML Media Capture"
    },
    {
      "url":"https://books.google.com.au/books?id=gswdarRZVUoC&pg=PA263&dq=%22file+upload+compatibility+table%22",
      "title":"Programming the Mobile Web: File upload compatibility table"
    },
    {
      "url":"https://addpipe.com/html-media-capture-demo/",
      "title":"HTML Media Capture Test Bench"
    }
  ],
  "bugs":[
    
  ],
  "categories":[
    "HTML5"
  ],
  "stats":{
    "ie":{
      "5.5":"u",
      "6":"u",
      "7":"u",
      "8":"u",
      "9":"u",
      "10":"u",
      "11":"u"
    },
    "edge":{
      "12":"u",
      "13":"u",
      "14":"u",
      "15":"u"
    },
    "firefox":{
      "2":"u",
      "3":"u",
      "3.5":"u",
      "3.6":"u",
      "4":"u",
      "5":"u",
      "6":"u",
      "7":"u",
      "8":"u",
      "9":"u",
      "10":"u",
      "11":"u",
      "12":"u",
      "13":"u",
      "14":"u",
      "15":"u",
      "16":"u",
      "17":"u",
      "18":"u",
      "19":"u",
      "20":"u",
      "21":"u",
      "22":"u",
      "23":"u",
      "24":"u",
      "25":"u",
      "26":"u",
      "27":"u",
      "28":"u",
      "29":"u",
      "30":"u",
      "31":"u",
      "32":"u",
      "33":"u",
      "34":"u",
      "35":"u",
      "36":"u",
      "37":"u",
      "38":"u",
      "39":"u",
      "40":"u",
      "41":"u",
      "42":"u",
      "43":"u",
      "44":"u",
      "45":"u",
      "46":"u",
      "47":"u",
      "48":"u",
      "49":"u",
      "50":"u",
      "51":"u",
      "52":"u",
      "53":"u",
      "54":"u"
    },
    "chrome":{
      "4":"u",
      "5":"u",
      "6":"u",
      "7":"u",
      "8":"u",
      "9":"u",
      "10":"u",
      "11":"u",
      "12":"u",
      "13":"u",
      "14":"u",
      "15":"u",
      "16":"u",
      "17":"u",
      "18":"u",
      "19":"u",
      "20":"u",
      "21":"u",
      "22":"u",
      "23":"u",
      "24":"u",
      "25":"u",
      "26":"u",
      "27":"u",
      "28":"u",
      "29":"u",
      "30":"u",
      "31":"u",
      "32":"u",
      "33":"u",
      "34":"u",
      "35":"u",
      "36":"u",
      "37":"u",
      "38":"u",
      "39":"u",
      "40":"u",
      "41":"u",
      "42":"u",
      "43":"u",
      "44":"u",
      "45":"u",
      "46":"u",
      "47":"u",
      "48":"u",
      "49":"u",
      "50":"u",
      "51":"u",
      "52":"u",
      "53":"u",
      "54":"u",
      "55":"u",
      "56":"u",
      "57":"u",
      "58":"u",
      "59":"u"
    },
    "safari":{
      "3.1":"u",
      "3.2":"u",
      "4":"u",
      "5":"u",
      "5.1":"u",
      "6":"u",
      "6.1":"u",
      "7":"u",
      "7.1":"u",
      "8":"u",
      "9":"u",
      "9.1":"u",
      "10":"u",
      "10.1":"u",
      "TP":"u"
    },
    "opera":{
      "9":"u",
      "9.5-9.6":"u",
      "10.0-10.1":"u",
      "10.5":"u",
      "10.6":"u",
      "11":"u",
      "11.1":"u",
      "11.5":"u",
      "11.6":"u",
      "12":"u",
      "12.1":"u",
      "15":"u",
      "16":"u",
      "17":"u",
      "18":"u",
      "19":"u",
      "20":"u",
      "21":"u",
      "22":"u",
      "23":"u",
      "24":"u",
      "25":"u",
      "26":"u",
      "27":"u",
      "28":"u",
      "29":"u",
      "30":"u",
      "31":"u",
      "32":"u",
      "33":"u",
      "34":"u",
      "35":"u",
      "36":"u",
      "37":"u",
      "38":"u",
      "39":"u",
      "40":"u",
      "41":"u",
      "42":"u",
      "43":"u",
      "44":"u"
    },
    "ios_saf":{
      "3.2":"n",
      "4.0-4.1":"n",
      "4.2-4.3":"n",
      "5.0-5.1":"n",
      "6.0-6.1":"y #1",
      "7.0-7.1":"y #1",
      "8":"y #1",
      "8.1-8.4":"y #1",
      "9.0-9.2":"y #1",
      "9.3":"y #1",
      "10.0-10.2":"y #1"
    },
    "op_mini":{
      "all":"u"
    },
    "android":{
      "2.1":"n",
      "2.2":"y #2",
      "2.3":"y #2",
      "3":"y",
      "4":"y",
      "4.1":"y",
      "4.2-4.3":"y",
      "4.4":"y",
      "4.4.3-4.4.4":"y",
      "53":"y"
    },
    "bb":{
      "7":"u",
      "10":"u"
    },
    "op_mob":{
      "10":"u",
      "11":"u",
      "11.1":"u",
      "11.5":"u",
      "12":"u",
      "12.1":"u",
      "37":"u"
    },
    "and_chr":{
      "55":"y"
    },
    "and_ff":{
      "50":"u"
    },
    "ie_mob":{
      "10":"u",
      "11":"u"
    },
    "and_uc":{
      "11":"u"
    },
    "samsung":{
      "4":"u"
    }
  },
  "notes":"",
  "notes_by_num":{
    "1":"iOS6-10 do not support the capture attribute used to force capture straight from the device's camera or microphone",
    "2":"Android 2.2-2.3 do not support the capture attribute"
  },
  "usage_perc_y":37.11,
  "usage_perc_a":0,
  "ucprefix":false,
  "parent":"",
  "keywords":"htmlmediacapture, html media capture, media capture, mediacapture",
  "ie_id":"",
  "chrome_id":"",
  "firefox_id":"",
  "webkit_id":"",
  "shown":false
}
