{
  "title":"Resource Hints: prerender",
  "description":"Gives a hint to the browser to render the specified page in the background, speeding up page load if the user navigates to it. This is indicated using `<link rel=\"prerender\" href=\"(url)\">`",
  "spec":"http://www.w3.org/TR/resource-hints/#prerender",
  "status":"wd",
  "links":[
    {
      "url":"https://msdn.microsoft.com/en-us/library/dn265039(v=vs.85).aspx",
      "title":"Prerender and prefetch support"
    }
  ],
  "bugs":[
    {
      "description":"Bug to [implement in Firefox](https://bugzilla.mozilla.org/show_bug.cgi?id=730101)"
    }
  ],
  "categories":[
    "DOM"
  ],
  "stats":{
    "ie":{
      "5.5":"n",
      "6":"n",
      "7":"n",
      "8":"n",
      "9":"n",
      "10":"n",
      "11":"y"
    },
    "edge":{
      "12":"y",
      "13":"y",
      "14":"y",
      "15":"y"
    },
    "firefox":{
      "2":"n",
      "3":"n",
      "3.5":"n",
      "3.6":"n",
      "4":"n",
      "5":"n",
      "6":"n",
      "7":"n",
      "8":"n",
      "9":"n",
      "10":"n",
      "11":"n",
      "12":"n",
      "13":"n",
      "14":"n",
      "15":"n",
      "16":"n",
      "17":"n",
      "18":"n",
      "19":"n",
      "20":"n",
      "21":"n",
      "22":"n",
      "23":"n",
      "24":"n",
      "25":"n",
      "26":"n",
      "27":"n",
      "28":"n",
      "29":"n",
      "30":"n",
      "31":"n",
      "32":"n",
      "33":"n",
      "34":"n",
      "35":"n",
      "36":"n",
      "37":"n",
      "38":"n",
      "39":"n",
      "40":"n",
      "41":"n",
      "42":"n",
      "43":"n",
      "44":"n",
      "45":"n",
      "46":"n",
      "47":"n",
      "48":"n",
      "49":"n",
      "50":"n",
      "51":"n",
      "52":"n",
      "53":"n",
      "54":"n"
    },
    "chrome":{
      "4":"n",
      "5":"n",
      "6":"n",
      "7":"n",
      "8":"n",
      "9":"n",
      "10":"n",
      "11":"n",
      "12":"n",
      "13":"y",
      "14":"y",
      "15":"y",
      "16":"y",
      "17":"y",
      "18":"y",
      "19":"y",
      "20":"y",
      "21":"y",
      "22":"y",
      "23":"y",
      "24":"y",
      "25":"y",
      "26":"y",
      "27":"y",
      "28":"y",
      "29":"y",
      "30":"y",
      "31":"y",
      "32":"y",
      "33":"y",
      "34":"y",
      "35":"y",
      "36":"y",
      "37":"y",
      "38":"y",
      "39":"y",
      "40":"y",
      "41":"y",
      "42":"y",
      "43":"y",
      "44":"y",
      "45":"y",
      "46":"y",
      "47":"y",
      "48":"y",
      "49":"y",
      "50":"y",
      "51":"y",
      "52":"y",
      "53":"y",
      "54":"y",
      "55":"y",
      "56":"y",
      "57":"y",
      "58":"y",
      "59":"y"
    },
    "safari":{
      "3.1":"n",
      "3.2":"n",
      "4":"n",
      "5":"n",
      "5.1":"n",
      "6":"n",
      "6.1":"n",
      "7":"n",
      "7.1":"n",
      "8":"n",
      "9":"n",
      "9.1":"n",
      "10":"n",
      "10.1":"n",
      "TP":"n"
    },
    "opera":{
      "9":"n",
      "9.5-9.6":"n",
      "10.0-10.1":"n",
      "10.5":"n",
      "10.6":"n",
      "11":"n",
      "11.1":"n",
      "11.5":"n",
      "11.6":"n",
      "12":"n",
      "12.1":"n",
      "15":"y",
      "16":"y",
      "17":"y",
      "18":"y",
      "19":"y",
      "20":"y",
      "21":"y",
      "22":"y",
      "23":"y",
      "24":"y",
      "25":"y",
      "26":"y",
      "27":"y",
      "28":"y",
      "29":"y",
      "30":"y",
      "31":"y",
      "32":"y",
      "33":"y",
      "34":"y",
      "35":"y",
      "36":"y",
      "37":"y",
      "38":"y",
      "39":"y",
      "40":"y",
      "41":"y",
      "42":"y",
      "43":"y",
      "44":"y"
    },
    "ios_saf":{
      "3.2":"n",
      "4.0-4.1":"n",
      "4.2-4.3":"n",
      "5.0-5.1":"n",
      "6.0-6.1":"n",
      "7.0-7.1":"n",
      "8":"n",
      "8.1-8.4":"n",
      "9.0-9.2":"n",
      "9.3":"n",
      "10.0-10.2":"n"
    },
    "op_mini":{
      "all":"n"
    },
    "android":{
      "2.1":"n",
      "2.2":"n",
      "2.3":"n",
      "3":"n",
      "4":"n",
      "4.1":"n",
      "4.2-4.3":"n",
      "4.4":"n",
      "4.4.3-4.4.4":"n",
      "53":"n"
    },
    "bb":{
      "7":"n",
      "10":"n"
    },
    "op_mob":{
      "10":"n",
      "11":"n",
      "11.1":"n",
      "11.5":"n",
      "12":"n",
      "12.1":"n",
      "37":"n"
    },
    "and_chr":{
      "55":"y"
    },
    "and_ff":{
      "50":"n"
    },
    "ie_mob":{
      "10":"n",
      "11":"y"
    },
    "and_uc":{
      "11":"n"
    },
    "samsung":{
      "4":"y"
    }
  },
  "notes":"",
  "notes_by_num":{
    
  },
  "usage_perc_y":61.65,
  "usage_perc_a":0,
  "ucprefix":false,
  "parent":"",
  "keywords":"",
  "ie_id":"",
  "chrome_id":"",
  "firefox_id":"",
  "webkit_id":"",
  "shown":true
}
