{
  "title":"CSS min/max-width/height",
  "description":"Method of setting a minimum or maximum width or height to an element. ",
  "spec":"http://www.w3.org/TR/CSS21/visudet.html#min-max-widths",
  "status":"rec",
  "links":[
    {
      "url":"http://code.google.com/p/ie7-js/",
      "title":"JS library with support"
    },
    {
      "url":"http://docs.webplatform.org/wiki/css/properties/min-width",
      "title":"WebPlatform Docs"
    },
    {
      "url":"http://www.impressivewebs.com/min-max-width-height-css/",
      "title":"CSS Basics post"
    }
  ],
  "bugs":[
    {
      "description":"`max-width` doesn't work with images in table cells in IE."
    },
    {
      "description":"IE7 doesn't support `min-width` on input button/submit button/reset button."
    },
    {
      "description":"Safari on iOS 5.1 does not support `min-width` on table elements."
    },
    {
      "description":"Firefox does not support `min-height` on table elements or elements with `display: table`"
    },
    {
      "description":"IE10 and IE11 do not appear to support overriding `min-width` or `max-width` values using the `initial` value."
    }
  ],
  "categories":[
    "CSS2"
  ],
  "stats":{
    "ie":{
      "5.5":"p",
      "6":"p",
      "7":"y #1",
      "8":"y #2",
      "9":"y",
      "10":"y",
      "11":"y"
    },
    "edge":{
      "12":"y",
      "13":"y",
      "14":"y",
      "15":"y"
    },
    "firefox":{
      "2":"y",
      "3":"y",
      "3.5":"y",
      "3.6":"y",
      "4":"y",
      "5":"y",
      "6":"y",
      "7":"y",
      "8":"y",
      "9":"y",
      "10":"y",
      "11":"y",
      "12":"y",
      "13":"y",
      "14":"y",
      "15":"y",
      "16":"y",
      "17":"y",
      "18":"y",
      "19":"y",
      "20":"y",
      "21":"y",
      "22":"y",
      "23":"y",
      "24":"y",
      "25":"y",
      "26":"y",
      "27":"y",
      "28":"y",
      "29":"y",
      "30":"y",
      "31":"y",
      "32":"y",
      "33":"y",
      "34":"y",
      "35":"y",
      "36":"y",
      "37":"y",
      "38":"y",
      "39":"y",
      "40":"y",
      "41":"y",
      "42":"y",
      "43":"y",
      "44":"y",
      "45":"y",
      "46":"y",
      "47":"y",
      "48":"y",
      "49":"y",
      "50":"y",
      "51":"y",
      "52":"y",
      "53":"y",
      "54":"y"
    },
    "chrome":{
      "4":"y",
      "5":"y",
      "6":"y",
      "7":"y",
      "8":"y",
      "9":"y",
      "10":"y",
      "11":"y",
      "12":"y",
      "13":"y",
      "14":"y",
      "15":"y",
      "16":"y",
      "17":"y",
      "18":"y",
      "19":"y",
      "20":"y",
      "21":"y",
      "22":"y",
      "23":"y",
      "24":"y",
      "25":"y",
      "26":"y",
      "27":"y",
      "28":"y",
      "29":"y",
      "30":"y",
      "31":"y",
      "32":"y",
      "33":"y",
      "34":"y",
      "35":"y",
      "36":"y",
      "37":"y",
      "38":"y",
      "39":"y",
      "40":"y",
      "41":"y",
      "42":"y",
      "43":"y",
      "44":"y",
      "45":"y",
      "46":"y",
      "47":"y",
      "48":"y",
      "49":"y",
      "50":"y",
      "51":"y",
      "52":"y",
      "53":"y",
      "54":"y",
      "55":"y",
      "56":"y",
      "57":"y",
      "58":"y",
      "59":"y"
    },
    "safari":{
      "3.1":"y",
      "3.2":"y",
      "4":"y",
      "5":"y",
      "5.1":"y",
      "6":"y",
      "6.1":"y",
      "7":"y",
      "7.1":"y",
      "8":"y",
      "9":"y",
      "9.1":"y",
      "10":"y",
      "10.1":"y",
      "TP":"y"
    },
    "opera":{
      "9":"y",
      "9.5-9.6":"y",
      "10.0-10.1":"y",
      "10.5":"y",
      "10.6":"y",
      "11":"y",
      "11.1":"y",
      "11.5":"y",
      "11.6":"y",
      "12":"y",
      "12.1":"y",
      "15":"y",
      "16":"y",
      "17":"y",
      "18":"y",
      "19":"y",
      "20":"y",
      "21":"y",
      "22":"y",
      "23":"y",
      "24":"y",
      "25":"y",
      "26":"y",
      "27":"y",
      "28":"y",
      "29":"y",
      "30":"y",
      "31":"y",
      "32":"y",
      "33":"y",
      "34":"y",
      "35":"y",
      "36":"y",
      "37":"y",
      "38":"y",
      "39":"y",
      "40":"y",
      "41":"y",
      "42":"y",
      "43":"y",
      "44":"y"
    },
    "ios_saf":{
      "3.2":"y",
      "4.0-4.1":"y",
      "4.2-4.3":"y",
      "5.0-5.1":"y",
      "6.0-6.1":"y",
      "7.0-7.1":"y",
      "8":"y",
      "8.1-8.4":"y",
      "9.0-9.2":"y",
      "9.3":"y",
      "10.0-10.2":"y"
    },
    "op_mini":{
      "all":"y"
    },
    "android":{
      "2.1":"y",
      "2.2":"y",
      "2.3":"y",
      "3":"y",
      "4":"y",
      "4.1":"y",
      "4.2-4.3":"y",
      "4.4":"y",
      "4.4.3-4.4.4":"y",
      "53":"y"
    },
    "bb":{
      "7":"y",
      "10":"y"
    },
    "op_mob":{
      "10":"y",
      "11":"y",
      "11.1":"y",
      "11.5":"y",
      "12":"y",
      "12.1":"y",
      "37":"y"
    },
    "and_chr":{
      "55":"y"
    },
    "and_ff":{
      "50":"y"
    },
    "ie_mob":{
      "10":"y",
      "11":"y"
    },
    "and_uc":{
      "11":"y"
    },
    "samsung":{
      "4":"y"
    }
  },
  "notes":"",
  "notes_by_num":{
    "1":"IE7 does not support `inherit` as a value on any of these properties.",
    "2":"IE8 has some bugs with `max-width`/`height` combined with `overflow: auto`/`scroll`."
  },
  "usage_perc_y":98.16,
  "usage_perc_a":0,
  "ucprefix":false,
  "parent":"",
  "keywords":"min-width,min-height,max-width,max-height",
  "ie_id":"",
  "chrome_id":"",
  "firefox_id":"",
  "webkit_id":"",
  "shown":true
}
