{
  "title":"progress element",
  "description":"Method of indicating a progress state.",
  "spec":"https://html.spec.whatwg.org/multipage/forms.html#the-progress-element",
  "status":"ls",
  "links":[
    {
      "url":"http://css-tricks.com/html5-progress-element/",
      "title":"CSS-Tricks article"
    },
    {
      "url":"https://developer.mozilla.org/en-US/docs/Web/HTML/Element/progress",
      "title":"Mozilla Developer Network article"
    },
    {
      "url":"https://dev.opera.com/articles/new-form-features-in-html5/#newoutput",
      "title":"Dev.Opera article"
    },
    {
      "url":"http://peter.sh/examples/?/html/meter-progress.html",
      "title":"Examples of progress and meter elements"
    }
  ],
  "bugs":[
    
  ],
  "categories":[
    "HTML5"
  ],
  "stats":{
    "ie":{
      "5.5":"n",
      "6":"n",
      "7":"n",
      "8":"n",
      "9":"n",
      "10":"y",
      "11":"y"
    },
    "edge":{
      "12":"y",
      "13":"y",
      "14":"y",
      "15":"y"
    },
    "firefox":{
      "2":"n",
      "3":"n",
      "3.5":"n",
      "3.6":"n",
      "4":"n",
      "5":"n",
      "6":"y",
      "7":"y",
      "8":"y",
      "9":"y",
      "10":"y",
      "11":"y",
      "12":"y",
      "13":"y",
      "14":"y",
      "15":"y",
      "16":"y",
      "17":"y",
      "18":"y",
      "19":"y",
      "20":"y",
      "21":"y",
      "22":"y",
      "23":"y",
      "24":"y",
      "25":"y",
      "26":"y",
      "27":"y",
      "28":"y",
      "29":"y",
      "30":"y",
      "31":"y",
      "32":"y",
      "33":"y",
      "34":"y",
      "35":"y",
      "36":"y",
      "37":"y",
      "38":"y",
      "39":"y",
      "40":"y",
      "41":"y",
      "42":"y",
      "43":"y",
      "44":"y",
      "45":"y",
      "46":"y",
      "47":"y",
      "48":"y",
      "49":"y",
      "50":"y",
      "51":"y",
      "52":"y",
      "53":"y",
      "54":"y"
    },
    "chrome":{
      "4":"n",
      "5":"n",
      "6":"n",
      "7":"n",
      "8":"y",
      "9":"y",
      "10":"y",
      "11":"y",
      "12":"y",
      "13":"y",
      "14":"y",
      "15":"y",
      "16":"y",
      "17":"y",
      "18":"y",
      "19":"y",
      "20":"y",
      "21":"y",
      "22":"y",
      "23":"y",
      "24":"y",
      "25":"y",
      "26":"y",
      "27":"y",
      "28":"y",
      "29":"y",
      "30":"y",
      "31":"y",
      "32":"y",
      "33":"y",
      "34":"y",
      "35":"y",
      "36":"y",
      "37":"y",
      "38":"y",
      "39":"y",
      "40":"y",
      "41":"y",
      "42":"y",
      "43":"y",
      "44":"y",
      "45":"y",
      "46":"y",
      "47":"y",
      "48":"y",
      "49":"y",
      "50":"y",
      "51":"y",
      "52":"y",
      "53":"y",
      "54":"y",
      "55":"y",
      "56":"y",
      "57":"y",
      "58":"y",
      "59":"y"
    },
    "safari":{
      "3.1":"n",
      "3.2":"n",
      "4":"n",
      "5":"n",
      "5.1":"n",
      "6":"y",
      "6.1":"y",
      "7":"y",
      "7.1":"y",
      "8":"y",
      "9":"y",
      "9.1":"y",
      "10":"y",
      "10.1":"y",
      "TP":"y"
    },
    "opera":{
      "9":"n",
      "9.5-9.6":"n",
      "10.0-10.1":"n",
      "10.5":"n",
      "10.6":"n",
      "11":"y",
      "11.1":"y",
      "11.5":"y",
      "11.6":"y",
      "12":"y",
      "12.1":"y",
      "15":"y",
      "16":"y",
      "17":"y",
      "18":"y",
      "19":"y",
      "20":"y",
      "21":"y",
      "22":"y",
      "23":"y",
      "24":"y",
      "25":"y",
      "26":"y",
      "27":"y",
      "28":"y",
      "29":"y",
      "30":"y",
      "31":"y",
      "32":"y",
      "33":"y",
      "34":"y",
      "35":"y",
      "36":"y",
      "37":"y",
      "38":"y",
      "39":"y",
      "40":"y",
      "41":"y",
      "42":"y",
      "43":"y",
      "44":"y"
    },
    "ios_saf":{
      "3.2":"n",
      "4.0-4.1":"n",
      "4.2-4.3":"n",
      "5.0-5.1":"n",
      "6.0-6.1":"n",
      "7.0-7.1":"a #1",
      "8":"a #1",
      "8.1-8.4":"a #1",
      "9.0-9.2":"a #1",
      "9.3":"a #1",
      "10.0-10.2":"a #1"
    },
    "op_mini":{
      "all":"y"
    },
    "android":{
      "2.1":"n",
      "2.2":"n",
      "2.3":"n",
      "3":"n",
      "4":"n",
      "4.1":"n",
      "4.2-4.3":"n",
      "4.4":"y",
      "4.4.3-4.4.4":"y",
      "53":"y"
    },
    "bb":{
      "7":"y",
      "10":"y"
    },
    "op_mob":{
      "10":"n",
      "11":"y",
      "11.1":"y",
      "11.5":"y",
      "12":"y",
      "12.1":"y",
      "37":"y"
    },
    "and_chr":{
      "55":"y"
    },
    "and_ff":{
      "50":"y"
    },
    "ie_mob":{
      "10":"y",
      "11":"y"
    },
    "and_uc":{
      "11":"y"
    },
    "samsung":{
      "4":"y"
    }
  },
  "notes":"",
  "notes_by_num":{
    "1":"iOS Safari does not support \"indeterminate\" <progress> elements."
  },
  "usage_perc_y":86.82,
  "usage_perc_a":9.62,
  "ucprefix":false,
  "parent":"forms",
  "keywords":"#progressmeter,<progress>",
  "ie_id":"",
  "chrome_id":"",
  "firefox_id":"",
  "webkit_id":"",
  "shown":true
}
