{
  "title":"Test feature - updated",
  "description":"",
  "spec":"http://example.com",
  "status":"unoff",
  "links":[
    {
      "url":"http://example.com",
      "title":"test link"
    }
  ],
  "bugs":[
    
  ],
  "categories":[
    "Other"
  ],
  "stats":{
    "ie":{
      "5.5":"n",
      "6":"n",
      "7":"n",
      "8":"n",
      "9":"u",
      "10":"n",
      "11":"n"
    },
    "edge":{
      "12":"n",
      "13":"n",
      "14":"n",
      "15":"n"
    },
    "firefox":{
      "2":"n",
      "3":"n",
      "3.5":"n",
      "3.6":"n",
      "4":"u",
      "5":"u",
      "6":"n",
      "7":"n",
      "8":"n",
      "9":"n",
      "10":"n",
      "11":"n",
      "12":"n",
      "13":"n",
      "14":"n",
      "15":"n",
      "16":"n",
      "17":"n",
      "18":"n",
      "19":"n",
      "20":"n",
      "21":"n",
      "22":"n",
      "23":"n",
      "24":"n",
      "25":"n",
      "26":"n",
      "27":"n",
      "28":"n",
      "29":"n",
      "30":"n",
      "31":"n",
      "32":"n",
      "33":"n",
      "34":"n",
      "35":"n",
      "36":"n",
      "37":"n",
      "38":"n",
      "39":"n",
      "40":"n",
      "41":"n",
      "42":"n",
      "43":"n",
      "44":"n",
      "45":"n",
      "46":"n",
      "47":"n",
      "48":"n",
      "49":"n",
      "50":"n",
      "51":"n",
      "52":"n",
      "53":"n",
      "54":"n"
    },
    "chrome":{
      "4":"n",
      "5":"n",
      "6":"n",
      "7":"n",
      "8":"n",
      "9":"n",
      "10":"n",
      "11":"u",
      "12":"u",
      "13":"n",
      "14":"n",
      "15":"n",
      "16":"n",
      "17":"n",
      "18":"n",
      "19":"n",
      "20":"n",
      "21":"n",
      "22":"n",
      "23":"n",
      "24":"n",
      "25":"n",
      "26":"n",
      "27":"n",
      "28":"n",
      "29":"n",
      "30":"n",
      "31":"n",
      "32":"n",
      "33":"n",
      "34":"n",
      "35":"n",
      "36":"n",
      "37":"n",
      "38":"n",
      "39":"n",
      "40":"n",
      "41":"n",
      "42":"n",
      "43":"n",
      "44":"n",
      "45":"n",
      "46":"n",
      "47":"n",
      "48":"n",
      "49":"n",
      "50":"n",
      "51":"n",
      "52":"n",
      "53":"n",
      "54":"n",
      "55":"n",
      "56":"n",
      "57":"n",
      "58":"n",
      "59":"n"
    },
    "safari":{
      "3.1":"n",
      "3.2":"n",
      "4":"n",
      "5":"u",
      "5.1":"n",
      "6":"n",
      "6.1":"u",
      "7":"u",
      "7.1":"u",
      "8":"u",
      "9":"u",
      "9.1":"u",
      "10":"u",
      "10.1":"u",
      "TP":"u"
    },
    "opera":{
      "9":"n",
      "9.5-9.6":"n",
      "10.0-10.1":"n",
      "10.5":"n",
      "10.6":"n",
      "11":"n",
      "11.1":"u",
      "11.5":"n",
      "11.6":"n",
      "12":"n",
      "12.1":"n",
      "15":"n",
      "16":"n",
      "17":"n",
      "18":"n",
      "19":"n",
      "20":"n",
      "21":"n",
      "22":"n",
      "23":"n",
      "24":"n",
      "25":"n",
      "26":"n",
      "27":"n",
      "28":"n",
      "29":"n",
      "30":"n",
      "31":"n",
      "32":"n",
      "33":"n",
      "34":"n",
      "35":"n",
      "36":"n",
      "37":"n",
      "38":"n",
      "39":"n",
      "40":"n",
      "41":"n",
      "42":"n",
      "43":"n",
      "44":"n"
    },
    "ios_saf":{
      "3.2":"n",
      "4.0-4.1":"n",
      "4.2-4.3":"n",
      "5.0-5.1":"n",
      "6.0-6.1":"n",
      "7.0-7.1":"u",
      "8":"u",
      "8.1-8.4":"u",
      "9.0-9.2":"u",
      "9.3":"u",
      "10.0-10.2":"u"
    },
    "op_mini":{
      "all":"n"
    },
    "android":{
      "2.1":"n",
      "2.2":"n",
      "2.3":"u",
      "3":"n",
      "4":"n",
      "4.1":"n",
      "4.2-4.3":"n",
      "4.4":"n",
      "4.4.3-4.4.4":"n",
      "53":"n"
    },
    "bb":{
      "7":"u",
      "10":"n"
    },
    "op_mob":{
      "10":"n",
      "11":"n",
      "11.1":"n",
      "11.5":"n",
      "12":"n",
      "12.1":"n",
      "37":"n"
    },
    "and_chr":{
      "55":"n"
    },
    "and_ff":{
      "50":"n"
    },
    "ie_mob":{
      "10":"n",
      "11":"n"
    },
    "and_uc":{
      "11":"n"
    },
    "samsung":{
      "4":"n"
    }
  },
  "notes":"abcd",
  "notes_by_num":{
    
  },
  "usage_perc_y":0,
  "usage_perc_a":0,
  "ucprefix":false,
  "parent":"",
  "keywords":"",
  "ie_id":"",
  "chrome_id":"",
  "firefox_id":"",
  "webkit_id":"",
  "shown":false
}
