{
  "title":"CSS text-stroke and text-fill",
  "description":"Method of declaring the outline (stroke) width and color for text.",
  "spec":"https://compat.spec.whatwg.org/#text-fill-and-stroking",
  "status":"unoff",
  "links":[
    {
      "url":"https://css-tricks.com/adding-stroke-to-web-text/",
      "title":"Information & workarounds"
    },
    {
      "url":"http://www.westciv.com/tools/textStroke/",
      "title":"Live editor"
    },
    {
      "url":"https://developer.mozilla.org/en-US/docs/Web/CSS/-webkit-text-stroke",
      "title":"Mozilla Developer Network article"
    }
  ],
  "bugs":[
    
  ],
  "categories":[
    "CSS"
  ],
  "stats":{
    "ie":{
      "5.5":"n",
      "6":"n",
      "7":"n",
      "8":"n",
      "9":"n",
      "10":"n",
      "11":"n"
    },
    "edge":{
      "12":"n",
      "13":"n",
      "14":"n",
      "15":"y x #1"
    },
    "firefox":{
      "2":"n",
      "3":"n",
      "3.5":"n",
      "3.6":"n",
      "4":"n",
      "5":"n",
      "6":"n",
      "7":"n",
      "8":"n",
      "9":"n",
      "10":"n",
      "11":"n",
      "12":"n",
      "13":"n",
      "14":"n",
      "15":"n",
      "16":"n",
      "17":"n",
      "18":"n",
      "19":"n",
      "20":"n",
      "21":"n",
      "22":"n",
      "23":"n",
      "24":"n",
      "25":"n",
      "26":"n",
      "27":"n",
      "28":"n",
      "29":"n",
      "30":"n",
      "31":"n",
      "32":"n",
      "33":"n",
      "34":"n",
      "35":"n",
      "36":"n",
      "37":"n",
      "38":"n",
      "39":"n",
      "40":"n",
      "41":"n",
      "42":"n",
      "43":"n",
      "44":"n",
      "45":"n",
      "46":"n",
      "47":"n",
      "48":"n d #1 #2",
      "49":"y x #1",
      "50":"y x #1",
      "51":"y x #1",
      "52":"y x #1",
      "53":"y x #1",
      "54":"y x #1"
    },
    "chrome":{
      "4":"y x",
      "5":"y x",
      "6":"y x",
      "7":"y x",
      "8":"y x",
      "9":"y x",
      "10":"y x",
      "11":"y x",
      "12":"y x",
      "13":"y x",
      "14":"y x",
      "15":"y x",
      "16":"y x",
      "17":"y x",
      "18":"y x",
      "19":"y x",
      "20":"y x",
      "21":"y x",
      "22":"y x",
      "23":"y x",
      "24":"y x",
      "25":"y x",
      "26":"y x",
      "27":"y x",
      "28":"y x",
      "29":"y x",
      "30":"y x",
      "31":"y x",
      "32":"y x",
      "33":"y x",
      "34":"y x",
      "35":"y x",
      "36":"y x",
      "37":"y x",
      "38":"y x",
      "39":"y x",
      "40":"y x",
      "41":"y x",
      "42":"y x",
      "43":"y x",
      "44":"y x",
      "45":"y x",
      "46":"y x",
      "47":"y x",
      "48":"y x",
      "49":"y x",
      "50":"y x",
      "51":"y x",
      "52":"y x",
      "53":"y x",
      "54":"y x",
      "55":"y x",
      "56":"y x",
      "57":"y x",
      "58":"y x",
      "59":"y x"
    },
    "safari":{
      "3.1":"y x",
      "3.2":"y x",
      "4":"y x",
      "5":"y x",
      "5.1":"y x",
      "6":"y x",
      "6.1":"y x",
      "7":"y x",
      "7.1":"y x",
      "8":"y x",
      "9":"y x",
      "9.1":"y x",
      "10":"y x",
      "10.1":"y x",
      "TP":"y x"
    },
    "opera":{
      "9":"n",
      "9.5-9.6":"n",
      "10.0-10.1":"n",
      "10.5":"n",
      "10.6":"n",
      "11":"n",
      "11.1":"n",
      "11.5":"n",
      "11.6":"n",
      "12":"n",
      "12.1":"n",
      "15":"y x",
      "16":"y x",
      "17":"y x",
      "18":"y x",
      "19":"y x",
      "20":"y x",
      "21":"y x",
      "22":"y x",
      "23":"y x",
      "24":"y x",
      "25":"y x",
      "26":"y x",
      "27":"y x",
      "28":"y x",
      "29":"y x",
      "30":"y x",
      "31":"y x",
      "32":"y x",
      "33":"y x",
      "34":"y x",
      "35":"y x",
      "36":"y x",
      "37":"y x",
      "38":"y x",
      "39":"y x",
      "40":"y x",
      "41":"y x",
      "42":"y x",
      "43":"y x",
      "44":"y x"
    },
    "ios_saf":{
      "3.2":"a x",
      "4.0-4.1":"y x",
      "4.2-4.3":"y x",
      "5.0-5.1":"y x",
      "6.0-6.1":"y x",
      "7.0-7.1":"y x",
      "8":"y x",
      "8.1-8.4":"y x",
      "9.0-9.2":"y x",
      "9.3":"y x",
      "10.0-10.2":"y x"
    },
    "op_mini":{
      "all":"n"
    },
    "android":{
      "2.1":"y x",
      "2.2":"y x",
      "2.3":"y x",
      "3":"n",
      "4":"y x",
      "4.1":"y x",
      "4.2-4.3":"y x",
      "4.4":"y x",
      "4.4.3-4.4.4":"y x",
      "53":"y x"
    },
    "bb":{
      "7":"y x",
      "10":"y x"
    },
    "op_mob":{
      "10":"n",
      "11":"n",
      "11.1":"n",
      "11.5":"n",
      "12":"n",
      "12.1":"n",
      "37":"y x"
    },
    "and_chr":{
      "55":"y x"
    },
    "and_ff":{
      "50":"y x #1"
    },
    "ie_mob":{
      "10":"n",
      "11":"n"
    },
    "and_uc":{
      "11":"n"
    },
    "samsung":{
      "4":"y x"
    }
  },
  "notes":"Does not yet appear in any W3C specification. Was briefly included in a spec as the \"text-outline\" property, but this was removed.",
  "notes_by_num":{
    "1":"Firefox & Edge specifically support the `-webkit-text-stroke` property without having support with their own prefix.",
    "2":"Requires the `layout.css.prefixes.webkit` flag to be enabled."
  },
  "usage_perc_y":76.14,
  "usage_perc_a":0,
  "ucprefix":false,
  "parent":"",
  "keywords":"textstroke,stroke-color,stroke-width,text-fill-color,text-outline",
  "ie_id":"webkittextstroke",
  "chrome_id":"",
  "firefox_id":"",
  "webkit_id":"",
  "shown":true
}
