{
"total":{"lines":{"total":26,"covered":25,"skipped":0,"pct":96.15},"statements":{"total":28,"covered":27,"skipped":0,"pct":96.43},"functions":{"total":6,"covered":6,"skipped":0,"pct":100},"branches":{"total":12,"covered":11,"skipped":0,"pct":91.67},"linesCovered":{"3":2,"4":1,"5":1,"6":1,"7":1,"10":1,"11":1,"12":2,"13":2,"16":2,"17":2,"18":6,"19":1,"20":5,"21":1,"23":4,"24":3,"26":1,"27":1,"30":0,"34":1,"35":2,"37":2,"38":1,"40":1,"42":1}},
"tests/unit/support/basic.ts":{"lines":{"total":26,"covered":25,"skipped":0,"pct":96.15},"statements":{"total":28,"covered":27,"skipped":0,"pct":96.43},"functions":{"total":6,"covered":6,"skipped":0,"pct":100},"branches":{"total":12,"covered":11,"skipped":0,"pct":91.67},"linesCovered":{"3":2,"4":1,"5":1,"6":1,"7":1,"10":1,"11":1,"12":2,"13":2,"16":2,"17":2,"18":6,"19":1,"20":5,"21":1,"23":4,"24":3,"26":1,"27":1,"30":0,"34":1,"35":2,"37":2,"38":1,"40":1,"42":1}}}
